书名,作者,出版日期,出版社,原价,售价,折扣比例,排序,排行榜类型,推荐值,电子书价格,评论数
妈妈知道怎么办：一学就通的养育法 俞敏洪、马东、凯叔、王芳 强,王小骞,2020-04-22,湖南教育出版社,128.0,56.8,0.44000000000000006,106,2020年,100%,38.3,81011.0
爱上阅读的秘密：儿童分级阅读启蒙（大J小D新书。精装书+豪华手账,大J,2020-01-01,吉林出版集团股份有限公司,136.0,88.4,0.65,108,2020年,99.9%,89.0,63290.0
半小时漫画经济学：生活常识篇+金融危机篇（共2册）（用特别有趣,陈磊・半小时漫画团队,2019-10-15,海南出版社,101.9,70.3,0.6900000000000001,130,2020年,100%,31.7,99644.0
半小时漫画宋词（别光笑！有考点！漫画科普开创者二混子新作！全,陈磊・半小时漫画团队,2020-04-01,上海文艺出版社,54.9,27.4,0.5,137,2020年,100%,10.0,78162.0
语言表达第一课（全4册）,五味太郎,2020-04-01,贵州人民出版社,108.0,54.0,0.5,178,2020年,100%,52.9,74085.0
朝花夕拾(语文教材“名著导读”经典・七年级上。大语文理念打造：,鲁迅,2020-04-21,时代文艺出版社,26.0,10.1,0.39,182,2020年,100%,2.7,98224.0
世界博物馆奇妙之旅（全5册，为孩子打造的博物通识启蒙绘本，世界,徐晓燕,2019-08-01,浙江教育出版社,108.0,43.2,0.4,235,2020年,100%,23.1,97922.0
樊登讲论语：学而（樊登重磅新作！）,樊登,2020-11-01,北京联合出版有限公司,72.0,36.0,0.5,243,2020年,100%,72.0,25026.0
汤姆・索亚历险记（批判现实主义作家马克・吐温代表作之一，以自,马克・吐温,2018-12-01,安徽教育出版社,24.8,2.5,0.1,252,2020年,100%,4.2,97053.0
风声（经历过大孤独、大绝望的人，会懂得《风声》给你的大坚韧和,麦家,2020-10-31,上海文艺出版社,59.9,41.3,0.6900000000000001,264,2020年,100%,32.1,69590.0
小学生心理学漫画(全6册)6种心理能力，培养好性格，内心更强大。,小禾心理研究所,2019-12-09,江苏凤凰文艺出版社,196.8,98.4,0.5,273,2020年,100%,80.0,99817.0
列那狐的故事（本书补全了故事结局。小学语文“快乐读书吧”五年,M.H,2017-10-02,浙江工商大学出版社,19.0,7.4,0.39,275,2020年,100%,2.0,99552.0
桃李春风一杯酒：唐朝诗人的快意人生（附赠书签）,叶楚桥,2019-01-01,贵州人民出版社,50.0,37.5,0.75,288,2020年,99.9%,35.5,73458.0
撒野3完结篇（下单抽送亲签明信片！随书附赠明信片3张、书签1张、,巫哲,2020-04-03,江苏凤凰文艺出版社,49.8,35.8,0.72,289,2020年,100%,40.8,54602.0
湘行散记：沈从文散文精粹（沈从文代表作）,沈从文,2019-04-01,中国友谊出版公司,32.0,13.4,0.42000000000000004,296,2020年,100%,4.2,71410.0
小鹿斑比（迪士尼同名电影原作，一代代孩童的童年熟知的经典故事,费利克斯・萨尔登,2018-12-01,安徽教育出版社,19.8,3.8,0.19,297,2020年,100%,5.0,99144.0
老爸评测：你的健康呵护指南,老爸评测,2020-09-01,江苏凤凰文艺出版社,49.8,22.4,0.45,316,2020年,100%,40.0,75366.0
哈克贝利・费恩历险记（汤姆・索亚历险记续写故事，儿童冒险经典,马克・吐温,2017-08-01,浙江工商大学出版社,29.0,11.3,0.39,321,2020年,100%,4.6,79778.0
一玩就会的逻辑思维游戏（全8册+游戏操作板1套。歪歪兔出品）,歪歪兔关键期早教项目组,2020-03-10,海豚出版社,128.0,37.1,0.29,324,2020年,100%,27.3,52093.0
汪曾祺散文集：人间知味（收录《人间草木》等经典散文）,汪曾祺,2018-02-05,时代文艺出版社,38.0,15.2,0.4,345,2020年,100%,3.0,95838.0
稻草人 格林童话 安徒生童话三年级上册配套课外阅读套装共3册中小,安徒生,2012-07-01,时代文艺出版社,45.4,20.4,0.45,353,2020年,100%,18.5,78352.0
作家榜名著：一间自己的房间全译本（写给聪明女生的幸福指南！让,维吉尼亚・伍尔夫,2019-11-15,中信出版社,45.0,20.2,0.45,365,2020年,100%,6.0,86143.0
刀锋（毛姆经典哲思之作，苏州大学方华文教授全新修订&详细注释本,毛姆,2018-05-14,时代文艺出版社,38.0,15.2,0.4,390,2020年,99.9%,2.0,88531.0
秦俑两千年（关于秦俑的一切想象、现实与未知！揭秘中华民族更趋,爱德华,2020-05-01,百花洲文艺出版社,88.0,63.3,0.72,396,2020年,100%,47.5,55603.0
苏世民：我的经验与教训（一本书读懂苏世民的投资人生，复制黑石,苏世民,2020-03-01,中信出版社,98.0,49.0,0.5,397,2020年,100%,21.7,98748.0
小灵通漫游未来（收录《小灵通再游未来》《小灵通三游未来》，张,叶永烈,2019-01-01,中译出版社（原中国对外翻译出版公司）,32.8,17.4,0.53,398,2020年,100%,26.2,51885.0
此时不必问去哪里（暌违五年，独木舟2020长篇力作。我们每个人的,独木舟,2020-09-01,山东文艺出版社,48.0,32.0,0.67,408,2020年,100%,41.3,62571.0
神奇的数学（礼品装，包含11本纸板书和11本练习册）,天才教育,2018-04-01,江苏凤凰教育出版社,798.0,281.7,0.35,411,2020年,99.9%,325.2,73410.0
冬之旅：万方剧本精选集（肖战推荐，曹禺诞辰110周年推荐）,万方,2017-02-01,北京十月文艺出版社,29.8,22.35,0.75,413,2020年,100%,6.5,56208.0
因为这是你的人生（蔡康永19年新作）,蔡康永,2019-12-01,湖南文艺出版社,46.8,23.4,0.5,421,2020年,100%,29.5,84809.0
娜娜（左拉代表作之一，翻译家罗国林依据法语原著直译版）,左拉,2017-08-01,西安交通大学出版社,36.0,5.0,0.13999999999999999,428,2020年,99.9%,3.0,63246.0
想点大事：法律是种思维方式（一本写给每个人的法律通识书，得到,刘晗,2020-05-01,上海交通大学出版社,69.0,34.5,0.5,429,2020年,100%,62.6,42158.0
呼吸（每个“科幻”书单都有特德?姜！9个短篇9集《黑镜》，融科幻,特德・姜,2019-12-01,译林出版社,42.0,23.1,0.55,430,2020年,100%,16.4,76156.0
《DK儿童情绪管理 我不生气 冷静是种超能力》,英国DK公司,2019-06-01,天津科学技术出版社,68.0,47.6,0.7,431,2020年,100%,54.4,46324.0
笑猫日记26-幸运女神的宠儿,杨红樱,2019-12-01,明天出版社,20.0,10.0,0.5,442,2020年,100%,10.9,80627.0
学习的格局：孩子自主学习的秘密（高晓松、俞敏洪、王芳、朱丹等,黄静洁,2020-03-01,中信出版社,59.8,44.8,0.75,446,2020年,100%,46.0,77856.0
从拖延到自律：超级自控力训练计划,舒娅,2019-08-01,中国纺织出版社,42.8,42.4,0.99,447,2020年,100%,9.9,91691.0
过得刚好（郭德纲亲笔作品，全新修订版。讲述人生四十多年的江湖,郭德纲,2019-09-30,北京联合出版公司,52.0,26.0,0.5,454,2020年,100%,52.0,65586.0
黄金时代（手稿珍藏版）,王小波,2017-04-01,北京十月文艺出版社,35.0,26.2,0.75,461,2020年,100%,21.0,91529.0
寂静的春天（语文教材“名著导读”经典・八年级上。专业术语、疑,蕾切尔・卡森,2018-06-13,浙江工商大学出版社,27.0,11.3,0.42000000000000004,464,2020年,99.9%,3.7,69841.0
小熊很忙 小达人点读版 第4辑（套装共3册）万圣节派对+小小救护员,本吉・戴维斯,2018-10-01,中信出版社,135.0,67.5,0.5,473,2020年,100%,72.3,90220.0
娜是光照亮的地方【综艺女王谢娜全新力作！】,谢娜,2020-04-01,中国友谊出版公司,68.0,34.0,0.5,475,2020年,100%,52.1,50929.0
吾爱敦煌 我心归处是敦煌：樊锦诗自述（国家荣誉称号获得者、201,樊锦诗,2019-10-01,译林出版社,68.0,37.4,0.55,477,2020年,100%,54.8,99566.0
大林和小林（中国现代文学史上现实主义童话之一，两种命运的不同,张天翼,2018-12-01,安徽教育出版社,19.8,8.3,0.42000000000000004,482,2020年,100%,3.8,47264.0
撒野.2（2020版本）,巫哲,2020-04-04,江苏凤凰文艺出版社,49.8,30.4,0.61,493,2020年,100%,36.0,71461.0
细菌世界历险记（又名《灰尘的旅行》，小学语文快乐读书吧・四年,高士其,2018-02-05,浙江工商大学出版社,26.0,10.1,0.39,497,2020年,100%,4.2,77046.0
小鹿斑比（迪士尼同名电影原作，一代代孩童的童年熟知的经典故事,费利克斯・萨尔登,2018-12-01,安徽教育出版社,19.8,3.8,0.19,77,2021年,100%,5.0,99144.0
细菌世界历险记（又名《灰尘的旅行》，小学语文快乐读书吧・四年,高士其,2018-02-05,浙江工商大学出版社,26.0,10.1,0.39,106,2021年,100%,4.2,77046.0
汤姆・索亚历险记（批判现实主义作家马克・吐温代表作之一，以自,马克・吐温,2018-12-01,安徽教育出版社,24.8,2.5,0.1,107,2021年,100%,4.2,97053.0
烟与镜：尼尔・盖曼头皮发麻短篇集（看得头皮发麻的同时，原始的,尼尔・盖曼,2021-03-31,江苏凤凰文艺出版社,48.0,24.0,0.5,108,2021年,100%,13.0,80866.0
朝花夕拾(语文教材“名著导读”经典・七年级上。大语文理念打造：,鲁迅,2020-04-21,时代文艺出版社,26.0,10.1,0.39,120,2021年,100%,2.7,98224.0
古代人的日常生活2（典藏版）（古代房价高吗？古人如何抗疫？古人,讲历史的王老师,2021-08-01,江苏凤凰文艺出版社,75.9,52.3,0.6900000000000001,138,2021年,100%,55.3,43851.0
世界博物馆奇妙之旅（全5册，为孩子打造的博物通识启蒙绘本，世界,徐晓燕,2019-08-01,浙江教育出版社,108.0,43.2,0.4,164,2021年,100%,23.1,97922.0
三十六计 小学生儿童文学三四五六年级7-9-10-12岁课外阅读书籍世,龚勋,2016-06-01,北京日报出版社,19.8,8.4,0.42000000000000004,177,2021年,100%,2.0,89381.0
字母表谜案 怪异君推荐！蒲熠星推荐!当你隐隐觉得不对劲，致命的,大山诚一郎,2021-04-30,河南文艺出版社,42.0,21.0,0.5,180,2021年,100%,13.0,75277.0
半小时漫画青春期：生理篇（从变声长痘到脸红心跳，笑着笑着解决,陈磊・半小时漫画团队,2021-07-30,天津科学技术出版社,49.0,31.85,0.65,185,2021年,100%,12.0,79408.0
列那狐的故事（本书补全了故事结局。小学语文“快乐读书吧”五年,M.H,2017-10-02,浙江工商大学出版社,19.0,7.4,0.39,187,2021年,100%,2.0,99552.0
克雷洛夫寓言（小学语文“快乐读书吧”三年级下阅读。俄罗斯文学,克雷洛夫,2018-01-01,浙江工商大学出版社,28.0,11.2,0.4,191,2021年,100%,2.1,83406.0
尼尔斯骑鹅历险记（小学语文“快乐读书吧”六年级下阅读。又译《,塞尔玛・拉格洛芙,2017-08-01,浙江工商大学出版社,27.0,18.6,0.6900000000000001,192,2021年,100%,1.3,72091.0
钢铁是怎样炼成的(语文教材“名著导读”经典・八年级下。大语文理,奥斯特洛夫斯基,2020-04-21,时代文艺出版社,44.0,18.5,0.42000000000000004,196,2021年,100%,11.8,66942.0
娜娜（左拉代表作之一，翻译家罗国林依据法语原著直译版）,左拉,2017-08-01,西安交通大学出版社,36.0,5.0,0.13999999999999999,228,2021年,99.9%,3.0,63246.0
一读就会用的分类成语故事（把成语用起来！随书附赠价值99元在线,歪歪兔童书馆,2020-05-01,海豚出版社,450.0,166.5,0.37,230,2021年,100%,325.2,64742.0
中国共产党简史（32开）2021党史学习教育系列读物领导干部学习指,,2021-02-25,人民出版社,42.0,21.0,0.5,232,2021年,100%,25.9,23789.0
名人传（语文教材“名著导读”经典・八年级下。大语文理念打造：,罗曼・罗兰,2020-04-30,时代文艺出版社,36.0,13.8,0.38,239,2021年,100%,8.5,53124.0
你是宇宙安排的邂逅（2021年张皓宸新书，短篇故事新作。9种相遇重,张皓宸,2021-06-01,四川文艺出版社,49.8,24.9,0.5,247,2021年,100%,49.8,75367.0
冰心经典套装（繁星春水+寄小读者+小橘灯，少年儿童读冰心的基础,冰心,2017-03-01,浙江工商大学出版社,65.0,14.3,0.22000000000000003,250,2021年,100%,13.8,58027.0
希望之线（东野圭吾新代表作，高分作品TOP5！）,东野圭吾,2021-04-01,南海出版公司,59.0,44.25,0.75,271,2021年,100%,26.3,56475.0
东野圭吾：无名之町（2021年高能新作！神尾大侦探首秀！）,东野圭吾,2021-06-01,南海出版公司,59.0,44.25,0.75,285,2021年,100%,35.4,62321.0
做内心强大的自己―歪歪兔逆商教育系列图画书第二辑（逆商培养挫,歪歪兔关键期早教项目组,2015-01-01,海豚出版社,80.0,40.0,0.5,287,2021年,99.8%,50.4,80921.0
复活（精装大开本，托尔斯泰三部曲之一，草婴翻译，无删节全译本,列夫・托尔斯泰,2019-10-30,时代文艺出版社,73.0,30.7,0.42000000000000004,289,2021年,99.9%,21.8,61475.0
给孩子的史记（套装全四册，全彩注音版，中华优秀出版物奖获奖作,张嘉骅,2019-05-01,青岛出版社,138.0,69.0,0.5,294,2021年,100%,69.7,78282.0
愿望的实现（手绘精美插图，亚洲诺贝尔文学奖得主泰戈尔代表作之,泰戈尔,2019-10-01,浙江工商大学出版社,19.8,8.3,0.42000000000000004,303,2021年,100%,3.1,52400.0
他最野了（全2册）曲小蛐代表作,曲小蛐,2021-01-01,江苏凤凰文艺出版社,68.0,34.0,0.5,304,2021年,100%,52.9,96332.0
一千零一夜（语文教材“快乐读书吧”五年级上册阅读。中国阿拉伯,郅溥浩,2017-08-01,浙江工商大学出版社,27.0,11.3,0.42000000000000004,316,2021年,100%,2.0,63897.0
我的个天（戴教授随笔集，聊聊年轻朋友绕不开的读书、工作、恋爱,戴建业,2023-05-01,广东人民出版社,59.8,29.9,0.5,320,2021年,100%,59.8,79476.0
这世界很烦，但你要很可爱（只要你可爱，这个世界也会变得可爱）,杨红,2020-12-31,水利水电出版社,46.0,42.8,0.93,324,2021年,100%,23.1,77754.0
哈克贝利・费恩历险记（汤姆・索亚历险记续写故事，儿童冒险经典,马克・吐温,2017-08-01,浙江工商大学出版社,29.0,11.3,0.39,327,2021年,100%,4.6,79778.0
下沉年代（“得到”年度好书，许倬云、刘擎、但斌一致推荐！呈现,乔治・帕克,2021-01-01,文汇出版社,108.0,81.0,0.75,330,2021年,100%,30.0,59384.0
欧也妮・葛朗台（青少年读本。原版插图+详尽注释）,巴尔扎克,2018-03-23,浙江工商大学出版社,22.0,3.6,0.16,334,2021年,100%,4.9,42259.0
双城记（狄更斯经典代表作，逝世150周年纪念版！翻译泰斗宋兆霖权,查尔斯・狄更斯,2020-07-01,台海出版社,49.8,12.5,0.25,336,2021年,99.9%,12.9,86314.0
刀锋（毛姆经典哲思之作，苏州大学方华文教授全新修订&详细注释本,毛姆,2018-05-14,时代文艺出版社,38.0,15.2,0.4,337,2021年,99.9%,2.0,88531.0
小飞侠彼得・潘（小女孩小男孩的成长故事，奇幻+幽默+满满的爱。,詹姆斯・巴里,2017-06-01,浙江工商大学出版社,20.0,8.4,0.42000000000000004,340,2021年,100%,2.0,47521.0
人性的因素（张艺兴书单，《向往的生活》推荐！被马尔克斯誉为完,格雷厄姆・格林,2018-11-30,江苏文艺出版社,65.0,32.5,0.5,343,2021年,100%,27.0,45352.0
樊登讲论语：先进（樊登2021年全新重磅作品！）,樊登,2021-01-01,北京联合出版有限公司,68.0,34.0,0.5,344,2021年,100%,41.6,57945.0
给男孩的情绪管理绘本（套装全5册）,乐凡,2021-03-01,青岛出版社,90.0,45.0,0.5,347,2021年,99.9%,33.4,69107.0
漫画讲透孙子兵法(全4册)（130个知识点讲透5000字原文，130场战斗,华杉,2020-04-16,江苏凤凰文艺出版社,147.2,73.6,0.5,349,2021年,100%,71.8,83446.0
大林和小林（中国现代文学史上现实主义童话之一，两种命运的不同,张天翼,2018-12-01,安徽教育出版社,19.8,8.3,0.42000000000000004,360,2021年,100%,3.8,47264.0
道德经 精装珍藏本,老子,2016-06-30,作家出版社,32.8,14.5,0.44000000000000006,369,2021年,100%,11.2,53991.0
声律启蒙（国学启蒙经典系列。 全文注音+详尽注释+韵部略解+佳对,张圣洁,2020-05-30,浙江教育出版社,25.0,10.5,0.42000000000000004,374,2021年,100%,7.3,40459.0
半小时漫画论语（孔子原来这么爱吐槽！看孔子和弟子们卖萌吐槽，,陈磊・半小时漫画团队,2021-09-30,文汇出版社,59.9,29.9,0.5,375,2021年,100%,15.0,72898.0
万物小历史 和爸妈读万物科学简史 给孩子的万物科普绘本 成长,张玉光,2020-06-01,北京联合出版有限公司,40.0,16.0,0.4,382,2021年,100%,6.0,63162.0
半小时漫画世界史2（ 四大文明古国组团出道，为啥只剩中国屹立不,陈磊.半小时漫画团队,2021-06-30,北京日报出版社,49.9,24.9,0.5,383,2021年,100%,11.0,40504.0
湘行散记：沈从文散文精粹（沈从文代表作）,沈从文,2019-04-01,中国友谊出版公司,32.0,13.4,0.42000000000000004,392,2021年,100%,4.2,71410.0
难哄（高人气畅销书作家竹已温柔、治愈口碑代表作！《偷偷藏不住,竹已,2021-01-10,江苏凤凰文艺出版社,48.0,34.5,0.72,398,2021年,100%,39.1,48970.0
暂坐（贾平凹废都后第二部都市题材长篇小说作家出版社）,贾平凹,2020-09-01,作家出版社,58.0,43.5,0.75,410,2021年,99.9%,28.1,81957.0
汪曾祺散文集：人间知味（收录《人间草木》等经典散文）,汪曾祺,2018-02-05,时代文艺出版社,38.0,15.2,0.4,414,2021年,100%,3.0,95838.0
逛动物园是件正经事 向往的生活书单  自然感悟动物园里的博物学宝,花蚀,2020-01-01,商务印书馆,98.0,49.0,0.5,418,2021年,100%,25.0,82553.0
论中国共产党历史(普及本),习近平,2021-02-01,中央文献出版社,26.0,21.2,0.82,419,2021年,100%,5.5,14895.0
小灵通漫游未来（收录《小灵通再游未来》《小灵通三游未来》，张,叶永烈,2019-01-01,中译出版社（原中国对外翻译出版公司）,32.8,17.4,0.53,420,2021年,100%,26.2,51885.0
习近平新时代中国特色社会主义思想学习问答（小字本）,中共中央宣传部,2021-02-24,学习出版社,29.0,24.5,0.8400000000000001,422,2021年,100%,6.8,13497.0
地图上的全景世界史（精装全2册，画给孩子的世界历史绘本，适合6,魏新,2020-04-01,山东省地图出版社,316.0,158.0,0.5,425,2021年,100%,151.1,58556.0
如果历史是一群喵1-8（套装共8册）,肥志,2021-05-28,广东旅游出版社,458.0,229.0,0.5,426,2021年,99.9%,323.4,52000.0
王阳明传：知行合一的心学圣人,燕山刀客,2019-02-28,中国友谊出版公司,48.0,36.0,0.75,427,2021年,99.9%,36.8,52253.0
爱的教育（孩子们都应该读一读的心灵读本，一本触及每一个孩子心,埃德蒙多`德`亚米契斯,2018-12-01,安徽教育出版社,24.8,10.4,0.42000000000000004,428,2021年,100%,6.7,43094.0
非常疑犯（“法医笔记”系列重磅新作。《时代周刊》报道的中国法,红眸,2021-08-31,天津人民出版社,52.0,35.8,0.6900000000000001,429,2021年,100%,24.9,46507.0
半小时漫画中国哲学史（其实是一本严谨的极简中国哲学史！二混子,陈磊.半小时漫画团队,2020-08-31,江苏凤凰文艺出版社,49.9,24.9,0.5,431,2021年,100%,25.0,67166.0
地心游记（银火箭少年科幻系列・第2辑，又译《地心历险记》，经典,儒勒・凡尔纳,2020-04-01,民主与建设出版社,35.0,14.7,0.42000000000000004,437,2021年,100%,4.6,61492.0
兔子坡 彩图注音版 小学生一二三年级6-7-8-9岁课外阅读书籍世界经,罗伯特・罗素,2020-03-01,北京日报出版社,16.8,7.1,0.42000000000000004,440,2021年,100%,3.2,62275.0
人体简史（你的记忆能被篡改！一部从头讲到脚、从里讲到外、从30,比尔・布莱森,2020-06-30,文汇出版社,69.9,34.9,0.5,442,2021年,100%,15.0,77779.0
一只想飞的猫 陈伯吹童话专集（中国儿童文学大赏）二年级上册快乐,陈伯吹,2018-10-01,天地出版社,19.8,8.4,0.42000000000000004,444,2021年,100%,3.8,48839.0
茶花女（令北大中文系教授袁行霈先生“潸然泪下”的爱情悲剧）,小仲马,2017-08-01,西安交通大学出版社,22.0,15.1,0.6900000000000001,445,2021年,99.9%,2.0,63268.0
夜航船（读过《夜航船》，灵魂才有趣！贾平凹、余秋雨推崇阅读),张岱,2020-10-01,台海出版社,49.8,13.94,0.27999999999999997,447,2021年,99.9%,16.9,43350.0
克拉拉与太阳（比尔・盖茨2021年度书单，诺贝尔文学奖得主石黑一,石黑一雄,2021-04-01,上海译文出版社,68.0,55.6,0.82,450,2021年,100%,48.3,77407.0
人间好玩（“八旬”蔡澜的人生智慧书。汪涵、大张伟赞赏的“师傅,蔡澜,2021-03-12,湖南文艺出版社,48.0,24.0,0.5,455,2021年,100%,35.0,80540.0
草原上的小木屋 小学生儿童文学三四五六年级8-9-10-12岁课外阅读,罗兰・英格斯・怀德,2019-08-01,北京日报出版社,19.8,8.4,0.42000000000000004,461,2021年,100%,2.0,82957.0
国富论（上下册）（全译本、无删节本、畅读本，附有概念导图）,亚当・斯密,2020-06-01,河南大学出版社,89.0,37.4,0.42000000000000004,464,2021年,99.9%,24.3,45231.0
饮食术（风靡日本的科学饮食教科书，畅销日本80万册，资深医学博,牧田善二,2020-09-01,中国中医药出版社,59.8,29.9,0.5,465,2021年,100%,41.9,78068.0
屁屁侦探思维进阶版 第一辑（精装4册）,Troll,2021-03-01,二十一世纪出版社,140.0,70.0,0.5,473,2021年,100%,72.3,94224.0
给青年的十二封信（语文教材“名著导读”经典・八年级下。大语文,朱光潜,2019-11-18,时代文艺出版社,25.0,3.5,0.13999999999999999,474,2021年,100%,5.5,40761.0
风声（经历过大孤独、大绝望的人，会懂得《风声》给你的大坚韧和,麦家,2020-10-31,上海文艺出版社,59.9,41.3,0.6900000000000001,477,2021年,100%,32.1,69590.0
小橘灯（也作《小桔灯》，一部以“爱美善”为主题的冰心美文集）,冰心,2017-04-01,浙江工商大学出版社,25.0,5.3,0.21000000000000002,482,2021年,99.9%,2.0,38639.0
半小时漫画党史1921―1949（针对青少年研发，给孩子们讲党的故事,上海人民出版社,2021-09-01,上海人民出版社,49.9,24.9,0.5,483,2021年,93.9%,34.8,49.0
小学生心理学漫画(全6册)6种心理能力，培养好性格，内心更强大。,小禾心理研究所,2019-12-09,江苏凤凰文艺出版社,196.8,98.4,0.5,486,2021年,100%,80.0,99817.0
西西弗神话 加缪之女亲笔推荐版！蒲熠星推荐!曾经我也觉得人生没,阿尔贝.加缪,2020-12-31,江苏凤凰文艺出版社,45.0,22.5,0.5,488,2021年,100%,19.7,54246.0
李诞脱口秀工作手册（李诞分享创作经验！创意是智力活儿，也是体,李诞,2021-08-01,江苏凤凰文艺出版社,42.0,21.0,0.5,493,2021年,100%,28.4,51474.0
爱你就像爱生命（五线谱情书珍藏版）,王小波,2017-09-01,北京十月文艺出版社,35.0,26.2,0.75,494,2021年,100%,22.1,77266.0
格列佛游记（语文教材“名著导读”经典・九年级下。未删节全译本,乔纳森・斯威夫特,2017-03-01,浙江工商大学出版社,24.0,9.9,0.41,497,2021年,100%,2.1,99128.0
男孩、鼹鼠、狐狸和马（奥斯卡获奖动画原著！当代《小王子》！）,查理・麦克西,2021-02-01,北京联合出版有限公司,88.0,66.0,0.75,498,2021年,100%,52.8,60615.0
阅读的方法（罗胖罗振宇的新书来了！这本书里有让你爱上阅读的方,罗振宇,2022-04-15,新星出版社,69.0,49.6,0.72,34,2022年,100%,53.7,91093.0
少年读山海经（地理+神话+怪兽+奇闻+古文，套装 全3册，附赠定制,刘兴诗,2021-10-01,青岛出版社,100.0,50.0,0.5,46,2022年,100%,23.6,73130.0
【赠明信片】大中华寻宝系列29 内蒙古寻宝记,京鼎动漫,2022-04-01,二十一世纪出版社,35.0,22.75,0.65,130,2022年,100%,24.9,53860.0
二十四史少年精编版（套装全4册）萃取纯正精华，来自浩如烟海的中,何孝荣,2020-08-01,青岛出版社,156.0,78.0,0.5,143,2022年,100%,72.2,73742.0
书的全景：通往幸福、成功、财富的地图,池宇峰,2022-04-01,中译出版社（原中国对外翻译出版公司）,89.0,40.0,0.45,147,2022年,100%,30.0,48662.0
罪与罚（“俄罗斯文学天才”陀思妥耶夫斯基成名之作，人能从洁白,陀思妥耶夫斯基,2020-09-01,台海出版社,58.0,12.5,0.22000000000000003,153,2022年,99.9%,10.0,97401.0
和爸爸一起科学启蒙绘本（全8册+66个彩蛋，歪歪兔出品）,关航,2021-10-01,海豚出版社,150.0,58.5,0.39,169,2022年,99.9%,34.6,46033.0
回家（孙悦新书！电影《亲爱的》原型之一孙海洋的漫漫寻子路，传,孙悦,2022-09-30,中信出版社,59.8,29.9,0.5,176,2022年,100%,41.9,74314.0
健康不走弯路：细节打造好身体,刘加勇,2022-10-01,中国人口出版社,49.8,22.4,0.45,180,2022年,100%,30.5,75946.0
想为你的深夜放一束烟火（刘同新书，随书附赠手写书名海报！暗处,刘同,2022-06-01,浙江文艺出版社,52.0,26.0,0.5,181,2022年,99.9%,52.0,32812.0
停止你的内在战争,黄仕明,2022-05-01,民主与建设出版社,68.0,39.44,0.58,183,2022年,100%,44.8,63428.0
中国民间故事 田螺姑娘 快乐读书吧 五年级上册推荐阅读(中小学生,扬光,2020-06-01,商务印书馆,15.8,7.1,0.45,187,2022年,100%,4.4,90287.0
同名同姓受害者协会（登场人物全员同名同姓！江户川乱步奖得主推,下村敦史,2022-03-30,文汇出版社,45.0,22.5,0.5,215,2022年,100%,25.0,45171.0
南明史（全2册）（获中国国家图书奖，明史大家顾诚代表作。从南明,顾诚,2022-03-01,北京日报出版社,129.9,64.9,0.5,228,2022年,99.8%,129.9,87140.0
男孩百科--优秀男孩的学习妙招,彭凡,2017-01-01,化学工业出版社,25.0,18.0,0.72,229,2022年,100%,3.7,92029.0
刀锋（毛姆经典哲思之作，苏州大学方华文教授全新修订&详细注释本,毛姆,2018-05-14,时代文艺出版社,38.0,15.2,0.4,237,2022年,99.9%,2.0,88531.0
爱，需要学习（为中国式亲密关系度身定制的实践指南，心理学者陈,陈海贤,2022-01-05,新星出版社,69.0,49.6,0.72,240,2022年,100%,48.7,50723.0
树孩：赵丽宏全新力作（2021年度中国好书获奖图书）,赵丽宏,2021-09-01,长江文艺出版社,30.0,15.0,0.5,241,2022年,100%,14.0,84598.0
了不起（冯唐成事学全新力作，一个人活明白了才是真的了不起！）,冯唐,2022-08-01,北京联合出版有限公司,68.0,34.0,0.5,244,2022年,100%,68.0,75591.0
不爱说话的十一岁・纽伯瑞儿童文学奖金奖（写尽8~12岁孩子的心事,艾琳.恩瑞达.凯莉,2020-05-31,文汇出版社,35.8,17.9,0.5,247,2022年,100%,23.6,83908.0
早起的奇迹,哈尔・埃尔罗德,2018-02-01,广东人民出版社,39.8,31.4,0.79,258,2022年,100%,20.0,93062.0
变量4：大国的腾挪（熬过去，就是海阔天空！看智慧的中国人如何腾,何帆,2022-01-04,新星出版社,69.0,34.5,0.5,261,2022年,99.9%,65.6,33131.0
东野圭吾：透明的螺旋（东野圭吾新书，《嫌疑人X的献身》系列新作,东野圭吾,2022-04-01,南海出版公司,49.0,36.75,0.75,263,2022年,100%,40.0,72576.0
悠悠岁月（2022年诺贝尔文学奖得主安妮・埃尔诺作品）,安妮・埃尔诺,2021-05-01,人民文学出版社,39.0,24.2,0.62,264,2022年,99.9%,23.1,67660.0
复活（精装大开本，托尔斯泰三部曲之一，草婴翻译，无删节全译本,列夫・托尔斯泰,2019-10-30,时代文艺出版社,73.0,30.7,0.42000000000000004,267,2022年,99.9%,21.8,61475.0
职场晋升101（学会本书一小半，骑着火箭往上蹿！30万人验证过的职,崔璀,2022-04-01,江苏凤凰文艺出版社,49.0,24.5,0.5,290,2022年,100%,30.0,39955.0
小学生思维方式漫画（用前人的经验优化自己的思维模式，让学习和,歪歪兔童书馆,2021-11-01,海豚出版社,100.0,39.0,0.39,293,2022年,100%,22.6,32776.0
半小时漫画论语（孔子原来这么爱吐槽！看孔子和弟子们卖萌吐槽，,陈磊・半小时漫画团队,2021-09-30,文汇出版社,59.9,29.9,0.5,300,2022年,100%,15.0,72898.0
朝花夕拾(语文教材“名著导读”经典・七年级上。大语文理念打造：,鲁迅,2020-04-21,时代文艺出版社,26.0,10.1,0.39,302,2022年,100%,2.7,98224.0
如果历史是一群喵1-10全集（共10册）,肥志,2022-04-01,广东旅游出版社,577.6,288.8,0.5,306,2022年,99.9%,323.4,52373.0
地心游记（银火箭少年科幻系列・第2辑，又译《地心历险记》，经典,儒勒・凡尔纳,2020-04-01,民主与建设出版社,35.0,14.7,0.42000000000000004,316,2022年,100%,4.6,61492.0
"度阴山讲了凡四训（真想改变命运,就读《了凡四训》！《知行合一王",袁了凡,2022-05-01,河南文艺出版社,39.9,19.9,0.5,318,2022年,100%,39.9,44814.0
不可思议的文明奇迹 涵盖历史地理多学科领域 精装版,郭子林,2022-03-01,石油工业出版社,50.0,37.5,0.75,320,2022年,100%,34.7,79779.0
一千零一夜 快乐读书吧五年级上册推荐阅读(中小学生课外阅读指导,邵珠磊,2019-06-01,南方出版社,22.8,10.2,0.45,322,2022年,100%,8.0,69760.0
【当当专享金属贴纸+书单】梁永安：阅读、游历和爱情（宝藏教授B,梁永安,2022-05-01,北京时代华文书局,59.0,29.5,0.5,323,2022年,100%,36.5,75785.0
青：陪安东尼度过漫长岁月5,安东尼,2022-04-01,湖南文艺出版社,48.0,24.0,0.5,327,2022年,100%,22.8,84468.0
一个陌生女人的来信（茨威格中短篇小说选，豆瓣9.4高评分译作，德,斯蒂芬・茨威格,2017-09-01,时代文艺出版社,22.0,9.9,0.45,332,2022年,99.9%,4.4,86631.0
双城记（狄更斯经典代表作，逝世150周年纪念版！翻译泰斗宋兆霖权,查尔斯・狄更斯,2020-07-01,台海出版社,49.8,12.5,0.25,333,2022年,99.9%,12.9,86314.0
就喜欢你看不惯我又干不掉我的样子6,白茶,2022-04-01,人民文学出版社,66.0,44.2,0.67,338,2022年,99.9%,47.1,50718.0
"从零开始的女性主义（豆瓣2021年度最受关注图书,上野千鹤子给所有",上野千鹤子,2021-09-01,北京联合出版有限公司,52.0,28.6,0.55,348,2022年,100%,29.9,96614.0
孤独的小螃蟹 二年级上册 小学生二年级快乐读书吧推荐阅读 全彩注,冰波,2019-06-01,商务印书馆,21.8,10.4,0.48,350,2022年,100%,10.5,68892.0
半小时漫画宇宙大爆炸（半小时读完138亿年宇宙史，一口气搞懂大爆,陈磊・半小时漫画团队,2021-11-08,浙江科学技术出版社,49.0,24.5,0.5,354,2022年,100%,49.0,56150.0
快乐读书吧六年级下册 鲁滨逊漂流记 汤姆索亚历险记 尼尔斯骑鹅旅,马克,2018-11-01,时代文艺出版社,62.2,27.9,0.45,355,2022年,100%,18.9,92512.0
小妇人（写给所有女孩，全新精装典藏版，翻译家贾辉丰倾情译作。,路易莎・梅・奥尔科特,2021-12-01,中国友谊出版公司,45.0,22.5,0.5,362,2022年,100%,8.0,78327.0
苍兰诀 （当当专享人气画手眠狼绘制印刷海报）九鹭非香,九鹭非香,2021-02-01,四川文艺出版社,39.8,19.9,0.5,365,2022年,99.9%,13.0,69495.0
厌女：日本的女性嫌恶,上野千鹤子,2015-05-01,上海三联书店,38.0,33.0,0.8699999999999999,366,2022年,100%,24.0,83614.0
他在云之南（人气作家景行燃情悬爱力作！随书附赠“追光”书签。,景行,2020-04-01,百花文艺出版社,39.8,28.6,0.72,368,2022年,100%,26.5,62247.0
画给孩子的中国神话 : 精装彩绘本,施英巍,2020-04-01,吉林美术出版社,55.0,13.75,0.25,369,2022年,99.9%,11.8,86980.0
不能不懂的编程 我是学霸 给孩子的创新编程启蒙绘本,项华,2021-09-01,北京联合出版有限公司,52.0,39.0,0.75,370,2022年,100%,42.9,57662.0
遥远的救世主+天幕红尘+天局（王志文主演电视剧《天道》原著小说,豆豆,2020-07-22,作家出版社,134.0,67.0,0.5,373,2022年,99.8%,70.9,85781.0
被欺负了，可以打回去吗（解决父母的世纪难题，告诉孩子被欺负了,小杨叔叔,2021-07-01,新世界出版社,38.0,15.7,0.41,374,2022年,100%,3.0,81659.0
平安小猪（J.K.罗琳新书王者归来，哈利波特后，全新长篇力作，带,J.K.罗琳,2021-12-01,新星出版社,68.0,51.0,0.75,377,2022年,100%,40.8,68560.0
自我的诞生（知名心理咨询师武志红转向“自我”研究的里程碑式作,武志红,2022-03-10,新星出版社,69.0,34.5,0.5,378,2022年,100%,65.6,32767.0
博物馆寻宝记 藏在国宝中的文物简史 精装版,王露,2022-03-01,石油工业出版社,50.0,37.5,0.75,379,2022年,100%,32.4,84476.0
一间只属于自己的房间（李银河、杨澜推荐；热播剧《我的阿勒泰》,弗吉尼亚・伍尔夫,2019-10-01,天津人民出版社,45.0,22.5,0.5,388,2022年,100%,16.6,70148.0
鱼没有脚（布克国际文学奖提名作品）,约恩・卡尔曼・斯特凡松,2021-12-24,四川文艺出版社,49.8,24.9,0.5,396,2022年,100%,49.8,50209.0
我决定给自己一点时间（亚洲高人气作家“鸭子小姐”引进治愈作品,李彦��,2022-05-10,四川人民出版社,49.0,24.5,0.5,399,2022年,100%,33.0,42778.0
小英雄雨来 童年 爱的教育 六年级上册快乐读书吧推荐阅读（中小学,管桦,2019-09-01,南方出版社,49.4,22.2,0.45,402,2022年,100%,15.8,82956.0
小羊上山儿童汉语分级读物第2级 幼小衔接学会自主识字阅读 幼儿启,孙蓓,2020-09-01,人民邮电出版社,138.0,79.0,0.5700000000000001,408,2022年,100%,92.4,94048.0
稻草人 格林童话 安徒生童话 小学生三年级上册快乐读书吧推荐阅读,叶圣陶,2019-06-01,商务印书馆,71.4,34.2,0.48,412,2022年,100%,43.1,47926.0
熊津数学图画书（全50册，含29册精装绘本及21册游戏书，将数学和,熊津出版社,2020-09-01,贵州科技出版社,698.0,349.0,0.5,417,2022年,100%,324.2,95303.0
人类群星闪耀时（姜乙译本，东方甄选、雷军、易中天诚意推荐）,斯蒂芬・茨威格,2019-07-01,上海文艺出版社,49.0,27.0,0.55,418,2022年,100%,26.5,90039.0
成年人的世界没有容易二字（专治“怕、不甘心、难”，助你早日丧,老杨的猫头鹰,2021-12-01,江苏凤凰文艺出版社,45.0,22.5,0.5,420,2022年,100%,45.0,57999.0
非洲民间故事老人的智慧 快乐读书吧五年级上册课外阅读(中小学生,闻钟,2019-09-01,南方出版社,21.8,9.8,0.45,421,2022年,100%,4.4,86205.0
“歪脑袋”木头桩 二年级上册 小学生二年级快乐读书吧推荐阅读 全,严文井,2019-06-01,商务印书馆,21.8,10.4,0.48,423,2022年,100%,10.5,58818.0
戴建业・漫画世说新语（听戴老师讲《世说新语》，看爆笑漫画，大,戴建业,2021-12-01,浙江文艺出版社,49.8,24.9,0.5,427,2022年,100%,49.8,55276.0
好好说话：非暴力沟通幼儿版 [3-6岁],克里斯蒂娜・特巴尔,2020-11-01,太白文艺出版社,48.0,24.0,0.5,431,2022年,100%,32.5,71103.0
许渊冲：美得窒息的唐诗宋词诗经3册套装（中英双语诗画集）,陆苏,2020-04-01,长江文艺出版社,149.4,68.0,0.45999999999999996,437,2022年,100%,46.5,84645.0
人生只有一件事:教你如何活得更好,金惟纯,2021-05-13,中信出版社,59.0,29.5,0.5,441,2022年,100%,27.9,93778.0
极简学习法（考试高分的秘密，上百位清北学霸学习方法大公开）,廖恒,2022-04-01,北京联合出版有限公司,45.0,22.5,0.5,443,2022年,100%,36.0,46970.0
七色花 全彩注音 小学二年级下册 快乐读书吧 推荐阅读（有声朗读,卡达耶夫,2020-02-01,商务印书馆,21.8,10.4,0.48,444,2022年,100%,10.5,64946.0
海蒂（又译《小海蒂》，瑞士经典童话，汲取人性光辉，给孩子温馨,约翰娜・斯比丽,2019-09-09,辽宁少年儿童出版社,24.8,10.4,0.42000000000000004,446,2022年,100%,4.8,44475.0
"西西弗神话（诺贝尔文学奖得主,加缪的荒诞哲学代表作)",阿尔贝・加缪,2020-09-01,民主与建设出版社,49.8,13.94,0.27999999999999997,447,2022年,100%,9.4,54224.0
梁实秋：为这人间操碎了心（一本解闷宝书，文学泰斗梁实秋趣味散,梁实秋,2020-10-01,中国友谊出版公司,42.0,19.8,0.47000000000000003,451,2022年,100%,14.6,92142.0
钢铁是怎样炼成的(语文教材“名著导读”经典・八年级下。大语文理,奥斯特洛夫斯基,2020-04-21,时代文艺出版社,44.0,18.5,0.42000000000000004,452,2022年,100%,11.8,66942.0
罗生门（芥川龙之介小说集。《人间失格》作者太宰治是芥川的头号,芥川龙之介,2017-12-01,时代文艺出版社,31.0,14.0,0.45,456,2022年,99.9%,5.3,90816.0
外婆出租中,丽芙・阿巴思诺特,2021-07-01,四川文艺出版社,42.0,21.0,0.5,462,2022年,100%,8.0,84450.0
半小时漫画三国演义（三更半夜笑出鹅叫，三国典故打死忘不掉！桃,陈磊・半小时漫画团队,2021-10-15,河南文艺出版社,54.9,27.4,0.5,464,2022年,100%,54.9,52306.0
中国国家地理精华 图说天下 国家地理,图说天下.国家地理,2012-06-01,北京联合出版公司,19.9,7.9,0.4,468,2022年,99.9%,2.0,93537.0
焦虑的人（九个焦虑的人，一场人质劫持，能解救他们的不是警察，,弗雷德里克・巴克曼,2021-08-01,天津人民出版社,49.8,24.9,0.5,478,2022年,100%,49.8,75868.0
人间词话（小嘉抖音推荐，叶嘉莹讲评本，诗词大家叶嘉莹逐条讲透,王国维,2021-10-01,万卷出版公司,68.0,34.0,0.5,480,2022年,100%,68.0,84297.0
大中华寻宝系列28 黑龙江寻宝记,孙家裕,2021-07-01,二十一世纪出版社,35.0,22.75,0.65,481,2022年,100%,26.8,49686.0
给男孩的情绪管理绘本（套装全5册）,乐凡,2021-03-01,青岛出版社,90.0,45.0,0.5,484,2022年,99.9%,33.4,69107.0
杨绛传：简朴的生活，高贵的灵魂（杨绛先生诞辰110周年纪念版）,梅子,2020-06-01,民主与建设出版社,49.8,13.94,0.27999999999999997,485,2022年,100%,9.4,54049.0
我爱天下一切狗 季羡林散文集（爱尽万物，自在不言。）,季羡林,2020-06-01,光明日报出版社,49.0,24.5,0.5,486,2022年,100%,24.5,77613.0
和大人一起读（全4册）小学生一年级上册快乐读书吧推荐阅读书目 ,樊发稼,2020-06-01,商务印书馆,42.8,20.5,0.48,487,2022年,100%,18.8,61844.0
大话西方艺术史（句句有梗的极简艺术史！艺术自媒体意外艺术，八,意公子,2020-02-14,海南出版社,78.0,39.0,0.5,488,2022年,99.9%,9.9,67175.0
小鲤鱼跳龙门 二年级上册 小学生二年级快乐读书吧推荐阅读 全彩注,金近,2019-06-01,商务印书馆,21.8,10.4,0.48,492,2022年,100%,10.5,59807.0
如果历史是一群喵1-9全集（套装共9册）,肥志,2021-10-01,广东旅游出版社,517.8,258.9,0.5,498,2022年,99.9%,323.4,52486.0
小学生漫画.小学生社交情商漫画（提升社交力，培养高情商，甄选真,歪歪兔童书馆,2023-08-15,海豚出版社,100.0,38.8,0.39,41,2023年,100%,5.3,99525.0
少年读 漫画鬼谷子儿童版（全6册） 在漫画中学国学经典 鬼谷子智,湖南文化音像出版社,2022-10-01,湖南文化音像出版社,138.0,26.9,0.19,42,2023年,100%,29.1,86381.0
"给青年的十二封信（八年级下册阅读推荐,首度收录朱光潜大事记。谈",朱光潜,2023-03-30,海南出版社,39.9,19.9,0.5,59,2023年,100%,16.5,69363.0
中国古代神话 山海经 希腊神话故事 世界经典神话与传说故事四年级,闻钟,2021-06-01,南方出版社,101.2,45.5,0.45,68,2023年,100%,25.6,74098.0
星期六晚我们去散步吧（小红书博主、青年诗人隔花人 温暖治愈诗集,隔花人,2023-02-15,贵州人民出版社,49.8,24.9,0.5,73,2023年,100%,36.0,69016.0
张皓宸新书：抬头看二十九次月亮（全彩手绘寄语印签本，写给每一,张皓宸,2023-09-01,湖南文艺出版社,49.8,24.9,0.5,91,2023年,100%,38.2,20420.0
允许一切发生：过不紧绷松弛的人生（莫言、演员吴越、海灵格倡导,李梦霁,2023-04-18,古吴轩出版社,52.8,16.5,0.31,110,2023年,100%,13.5,92002.0
和古代学霸握个手,急脚大师,2022-11-01,南方出版社,58.0,29.0,0.5,116,2023年,100%,26.2,82035.0
河边的错误 (最新版)   余华先锋代表作  朱一龙主演戛纳入围电影,余华,2023-07-30,时代文艺出版社,49.8,29.8,0.6,142,2023年,100%,30.9,92269.0
木心全集・讲稿系列：文学回忆录(上下册)（2020版）,木心,2020-07-01,上海三联书店,188.0,112.8,0.6,156,2023年,100%,119.9,89781.0
尼尔斯骑鹅旅行记历险记彩绘注音版 6-12岁小学生课外阅读书籍 一,长江出版社,2015-05-01,长江出版社,19.8,9.9,0.5,161,2023年,100%,10.9,60062.0
相信 蔡磊作品 用信念与坚持面对生活的每一个意外与绝望,蔡磊,2023-03-17,中信出版社,59.0,39.0,0.6599999999999999,162,2023年,100%,27.3,76571.0
妈妈的情绪影响孩子的一生,蒋小芳,2021-06-01,中国轻工业出版社,39.8,19.9,0.5,168,2023年,100%,25.8,96522.0
小英雄雨来 童年 爱的教育 六年级上册快乐读书吧推荐阅读（中小学,管桦,2019-09-01,南方出版社,49.4,22.2,0.45,178,2023年,100%,15.8,82956.0
生而为人（毕啸南短篇小说作品，底层小人物的命运书写！）,毕啸南,2023-03-06,湖南文艺出版社,49.8,24.9,0.5,179,2023年,100%,40.0,51066.0
中国民间故事 田螺姑娘 快乐读书吧 五年级上册推荐阅读(中小学生,扬光,2020-06-01,商务印书馆,15.8,7.1,0.45,184,2023年,100%,4.4,90287.0
好好说话：非暴力沟通幼儿版 [3-6岁],克里斯蒂娜・特巴尔,2020-11-01,太白文艺出版社,48.0,24.0,0.5,194,2023年,100%,32.5,71103.0
全球最美的100个地方 图说天下 寻梦之旅,图说天下,2022-07-01,四川人民出版社,29.9,23.9,0.8,201,2023年,100%,7.6,95564.0
胜者心法：资治通鉴成事之道（冯唐从管理讲透古今胜者之道！随书,冯唐,2023-09-05,民主与建设出版社,72.0,49.6,0.6900000000000001,204,2023年,100%,72.0,87450.0
时间是什么 给孩子的时间启蒙科普绘本 养成合理规划时间的好习惯,知了,2022-08-01,北方妇女儿童出版社,50.0,14.8,0.3,215,2023年,100%,13.4,83060.0
外婆,伍剑,2017-02-01,长江少年儿童出版社,25.0,12.5,0.5,217,2023年,100%,12.3,94179.0
好诗好在哪里（听都靓讲解古诗名句的美妙诗意！知名文化博主都靓,都靓,2023-06-02,江苏凤凰文艺出版社,59.9,29.9,0.5,218,2023年,100%,59.9,35761.0
曾仕强详解易经系列1：易经真的很容易（精装）,曾仕强,2009-04-01,陕西师范大学出版社,32.0,24.5,0.77,219,2023年,99.8%,24.5,73271.0
中国国家博物馆 孩子一定要去的博物馆 图说天下精装版,王大庆,2023-05-23,明天出版社,50.0,14.8,0.3,221,2023年,100%,14.7,63360.0
不爱说话的十一岁・纽伯瑞儿童文学奖金奖（写尽8~12岁孩子的心事,艾琳.恩瑞达.凯莉,2020-05-31,文汇出版社,35.8,17.9,0.5,223,2023年,100%,23.6,83908.0
明朝那些事儿增补版.第1部（2021版）（当当专供）,当年明月,2017-05-01,北京联合出版有限公司,45.0,32.4,0.72,235,2023年,100%,45.0,86353.0
一千零一夜 快乐读书吧五年级上册推荐阅读(中小学生课外阅读指导,邵珠磊,2019-06-01,南方出版社,22.8,10.2,0.45,236,2023年,100%,8.0,69760.0
也是冬天，也是春天：升级彩插版（收录迟子建最新散文力作及其经,迟子建,2023-03-01,长江文艺出版社,49.8,39.3,0.79,237,2023年,100%,30.8,91393.0
正是橙黄橘绿时（“中国好书奖”获得者肖复兴暖心新作，温暖你的,肖复兴,2022-03-01,北京联合出版有限公司,48.0,24.0,0.5,241,2023年,100%,21.8,87760.0
再见绘梨 【赠观影时光纸骰子+绘梨印象拼图卡】藤本树著 简体中文,藤本树,2023-01-15,中信出版社,35.0,26.2,0.75,243,2023年,100%,26.5,56857.0
我能管好我自己：漫画小学生时间管理,读书堂,2022-10-01,古吴轩出版社,42.0,39.1,0.93,245,2023年,100%,25.6,51860.0
中国民间故事 非洲民间故事 列那狐的故事 欧洲民间故事 一千零一,尚金格,2019-06-01,南方出版社,104.0,46.8,0.45,246,2023年,100%,34.7,30339.0
埃隆・马斯克传 埃隆马斯克亲自参与并公开推荐 《史蒂夫・乔布斯,沃尔特・艾萨克森,2023-09-30,中信出版社,90.0,67.5,0.75,249,2023年,100%,41.7,68120.0
暮色将尽(一份诙谐坦荡的老年手记),戴安娜・阿西尔,2022-07-01,四川人民出版社,49.8,24.9,0.5,250,2023年,100%,17.0,90390.0
半小时漫画中国地理（从长江长城到黄山黄河，半小时尽览祖国大好,陈磊・半小时漫画团队,2023-08-18,浙江科学技术出版社,49.9,32.4,0.65,274,2023年,100%,49.9,37408.0
假如给我三天光明（中小学生课外阅读指导丛书）彩插无障碍阅读 智,海伦,2021-01-01,商务印书馆,22.8,10.2,0.45,287,2023年,100%,9.8,33181.0
三个火枪手 大仲马经典长篇小说，又名《三剑客》，多次翻拍为电影,大仲马,2015-06-01,中央编译出版社,38.0,19.0,0.5,289,2023年,100%,26.3,55676.0
钱从哪里来4：岛链化经济（著名金融学者香帅年度力作，探寻“钱从,香帅,2022-12-01,新星出版社,69.0,34.5,0.5,291,2023年,99.9%,66.1,28305.0
善平爷爷的草莓国际获奖绘本花园儿童图画故事书幼儿园宝宝亲子阅,松冈,2015-07-01,长江少年儿童出版社,25.0,9.8,0.39,295,2023年,100%,3.1,80965.0
六个说谎的大学生（伊坂幸太郎年度ZUI喜欢的推理小说！小岛秀夫推,浅仓秋成,2023-04-01,四川文艺出版社,45.0,22.5,0.5,298,2023年,100%,7.0,74593.0
地心游记（银火箭少年科幻系列・第2辑，又译《地心历险记》，经典,儒勒・凡尔纳,2020-04-01,民主与建设出版社,35.0,14.7,0.42000000000000004,300,2023年,100%,4.6,61492.0
情商这门课，只能父母教（当当定制情绪温度计海报）著名教育专家,唐雯,2022-10-01,江苏凤凰文艺出版社,39.8,19.9,0.5,302,2023年,100%,17.0,36444.0
非暴力沟通： 任何冲突都适用的沟通公式，用不带伤害的方式化解冲,皮拉尔・德拉托雷,2022-09-01,水利水电出版社,49.8,24.9,0.5,303,2023年,100%,48.0,60106.0
人鱼陷落（高人气作者麟潜口碑代表作！）,麟潜,2022-07-01,湖南文艺出版社,52.8,26.4,0.5,304,2023年,100%,44.0,64081.0
如何成为会赚钱的妈妈,王不烦,2023-03-01,中国友谊出版公司,49.8,19.8,0.4,310,2023年,100%,40.0,12022.0
马伯庸见微系列套装：长安的荔枝+太白金星有点烦,马伯庸,2023-06-01,湖南文艺出版社,90.0,58.0,0.64,311,2023年,100%,48.9,73580.0
软技能（一次收获30位名家的独家软技能，从此在职场不过时、不贬,刘擎,2023-06-21,新星出版社,69.0,34.5,0.5,312,2023年,100%,66.1,27047.0
杨绛传：永不褪色的优雅（精装版 附赠书签）,吴玲,2019-09-01,青岛出版社,30.0,14.8,0.49000000000000005,314,2023年,100%,17.3,42284.0
世说新语（中华经典名著全本全注全译丛书-三全本・全2册）（100册,朱碧莲,2022-04-22,中华书局,66.0,33.0,0.5,317,2023年,100%,28.3,63202.0
臣服实验（当当专享赠送设计师排版中英金句小册子）,迈克・A,2019-01-01,南京大学出版社,59.0,29.5,0.5,319,2023年,100%,29.2,80048.0
爆笑小古文漫画版 笑破肚皮 笑掉大牙 哭笑不得 小学生一二三四五,哈哈星球,2022-07-01,二十一世纪出版社,108.0,45.8,0.42000000000000004,323,2023年,100%,40.2,38140.0
漫画小学生心理 全4册 自信力自控力社交力积极力  儿童心理健康教,翰图,2022-09-01,广东人民出版社,140.0,29.9,0.21000000000000002,325,2023年,100%,34.9,29931.0
雪国（川端康成50周年纪念，惟一正式授�喟妫�名校专家新译本）,川端康成,2022-12-01,南海出版公司,49.0,36.75,0.75,328,2023年,100%,38.5,53627.0
苏格拉底的申辩 罗翔老师多次推荐,柏拉图,2017-01-01,华夏出版社,49.0,29.4,0.6,330,2023年,100%,26.0,98157.0
青蛙和蟾蜍（拼音版）（7-12岁） 信谊世界精选图画书 （帮助孩子,艾诺・洛贝尔,2020-10-01,明天出版社,72.8,36.4,0.5,334,2023年,100%,38.6,65604.0
他在云之南（人气作家景行燃情悬爱力作！随书附赠“追光”书签。,景行,2020-04-01,百花文艺出版社,39.8,28.6,0.72,337,2023年,100%,26.5,62247.0
bibi动物园：等你好久啦（“治愈系天花板”随手一翻，嘴角一弯！,bibi园长,2022-11-01,南海出版公司,49.0,36.75,0.75,340,2023年,100%,29.4,50858.0
橙黄橘绿半甜时：季羡林、史铁生、汪曾祺等文学大家 全新四时节令,季羡林,2023-11-01,光明日报出版社,49.8,9.9,0.2,341,2023年,100%,13.1,96193.0
骆玉明古诗词课签章版（复旦爆火诗词课！听骆老师讲诗词，总是鼻,骆玉明,2023-03-01,江苏凤凰文艺出版社,59.9,29.9,0.5,344,2023年,100%,59.9,25956.0
如果历史是一群喵1-11（套装共11册）,肥志,2022-10-01,广东旅游出版社,637.4,318.8,0.5,348,2023年,100%,323.4,55371.0
内证观察笔记：真图本中医解剖学纲目（增订本）,无名氏,2020-04-01,广西师范大学出版社,46.0,27.6,0.6,351,2023年,99.8%,35.6,85716.0
变量5：在中国这艘大船上（翻开这本书，让我们同舟共济。“变量”,何帆,2022-12-29,新星出版社,69.0,34.5,0.5,353,2023年,99.9%,66.4,22415.0
小学生思维方式漫画（用前人的经验优化自己的思维模式，让学习和,歪歪兔童书馆,2021-11-01,海豚出版社,100.0,39.0,0.39,354,2023年,100%,22.6,32776.0
张爱玲传：因为懂得，所以慈悲（一本书读懂张爱玲的传奇人生）,杨锦慧,2019-09-01,民主与建设出版社,49.8,13.94,0.27999999999999997,355,2023年,100%,10.0,46905.0
博物馆寻宝记 藏在国宝中的文物简史 精装版,王露,2022-03-01,石油工业出版社,50.0,37.5,0.75,363,2023年,100%,32.4,84476.0
半小时漫画青春期（全2册）（青春期少年身心困扰，就读半小时漫画,陈磊・半小时漫画团队,2022-08-30,天津科学技术出版社,98.9,64.2,0.65,366,2023年,100%,38.2,37203.0
透过地理看历史+三国篇+大航海（套装版）,李不白,2022-09-22,人民日报出版社,225.8,119.0,0.53,368,2023年,100%,63.0,30285.0
论语 影响孩子一生的国学启蒙经典（注音彩图版）一二三年级儿童文,龚勋,2017-09-01,北京日报出版社,15.8,6.7,0.42000000000000004,369,2023年,100%,3.6,53670.0
小羊上山儿童汉语分级读物第2级 幼小衔接学会自主识字阅读 幼儿启,孙蓓,2020-09-01,人民邮电出版社,138.0,79.0,0.5700000000000001,371,2023年,100%,92.4,94048.0
"从零开始的女性主义（豆瓣2021年度最受关注图书,上野千鹤子给所有",上野千鹤子,2021-09-01,北京联合出版有限公司,52.0,28.6,0.55,373,2023年,100%,29.9,96614.0
我不想离开你,G.V.西纳顿,2019-08-01,四川少年儿童出版社,45.0,20.3,0.45,375,2023年,100%,9.6,83302.0
生命的重建 原版套装,露易丝・海,2019-05-01,中国宇航出版社,50.8,25.4,0.5,381,2023年,100%,35.3,73924.0
鳄鱼（莫言新书！从小说家到戏剧家，莫言的华丽转型。心有大舞台,莫言,2023-06-01,浙江文艺出版社,56.0,28.0,0.5,386,2023年,100%,48.4,38770.0
古文观止（上下）古典名著全本注译文库,吴楚材,2021-03-01,岳麓书社,78.0,39.0,0.5,390,2023年,100%,46.2,50461.0
停止你的内在战争,黄仕明,2022-05-01,民主与建设出版社,68.0,39.44,0.58,392,2023年,100%,44.8,63428.0
和爸爸一起科学启蒙绘本（全8册+66个彩蛋，歪歪兔出品）,关航,2021-10-01,海豚出版社,150.0,58.5,0.39,398,2023年,99.9%,34.6,46033.0
务虚笔记（史铁生著/半自传式作品）,史铁生,2023-03-01,人民文学出版社,40.0,31.6,0.79,399,2023年,100%,27.7,57183.0
中国最美的100个地方 图说天下 寻梦之旅,图说天下,2022-07-01,四川人民出版社,29.9,23.9,0.8,401,2023年,100%,8.4,53328.0
七色花 全彩注音 小学二年级下册 快乐读书吧 推荐阅读（有声朗读,卡达耶夫,2020-02-01,商务印书馆,21.8,10.4,0.48,402,2023年,100%,10.5,64946.0
张嘉佳十年文集限定礼盒（当当专享张嘉佳“十年之约”纪念信+手写,张嘉佳,2022-07-01,湖南文艺出版社,200.0,100.0,0.5,405,2023年,100%,73.7,60795.0
梦、时间与短视频,亲爱的安先生,2023-05-29,江苏凤凰文艺出版社,68.0,34.0,0.5,408,2023年,100%,68.0,36893.0
写给青少年的古文观止全套5册正版小古文小学初中高中注音详解注释,,2022-05-01,民主与建设出版社,228.0,25.9,0.11000000000000001,409,2023年,100%,56.4,39891.0
心经、金刚经（简体、横排、注音、国学经典诵读本）,中华文化讲堂,2018-01-01,团结出版社,18.0,9.9,0.55,410,2023年,100%,9.2,62460.0
非洲民间故事老人的智慧 快乐读书吧五年级上册课外阅读(中小学生,闻钟,2019-09-01,南方出版社,21.8,9.8,0.45,411,2023年,100%,4.4,86205.0
莫言的奇奇怪怪故事集（或许只有莫言这么大的脑洞，才能带你去人,莫言,2022-03-01,江苏凤凰文艺出版社,59.9,29.9,0.5,414,2023年,100%,59.9,41458.0
面纱,毛姆,2018-05-01,开明出版社,49.8,12.5,0.25,415,2023年,100%,18.0,59188.0
流浪地球・珍藏版,刘慈欣,2019-06-01,沈阳出版社,49.5,24.7,0.5,416,2023年,100%,37.5,37741.0
64种逆思维：帮你从社交坏情绪中轻松脱困（从烦恼到快乐的距离，,耶六,2022-05-01,北京时代华文书局,42.0,21.0,0.5,419,2023年,100%,28.3,44530.0
小镇喧嚣：一个乡镇政治运作的演绎与阐释,吴毅,2018-02-01,生活书店出版有限公司,68.0,40.8,0.6,420,2023年,100%,41.9,71185.0
快乐读书吧六年级下册 鲁滨逊漂流记 汤姆索亚历险记 尼尔斯骑鹅旅,马克,2018-11-01,时代文艺出版社,62.2,27.9,0.45,422,2023年,100%,18.9,92512.0
秘密花园（《语文》阅读丛书）人民文学出版社,弗朗西丝・伯内特,2018-04-01,人民文学出版社,24.0,12.0,0.5,423,2023年,100%,12.0,54520.0
中华人民共和国刑法（实用版）（根据刑法修正案十一修订）,中国法制出版社,2021-01-01,中国法制出版社,30.0,11.0,0.37,424,2023年,100%,6.4,99600.0
人教版快乐读书吧阅读课程化丛书 二年级上册套装（一只想飞的猫+,曹文轩,2019-04-01,人民教育出版社,80.0,38.4,0.48,428,2023年,100%,36.8,96793.0
千字文 影响孩子一生的国学启蒙经典（注音彩图版）小学生一二三年,龚勋,2017-09-01,北京日报出版社,15.8,6.7,0.42000000000000004,429,2023年,100%,3.6,52325.0
追问,丁捷,2017-04-01,中共中央党校出版社,42.0,33.1,0.79,430,2023年,100%,32.3,59125.0
超级工程来了 这就是中国力量  精装硬壳 揭秘大国工程里的科学奥,四川少年儿童出版社,2022-11-01,四川少年儿童出版社,168.0,39.8,0.24,432,2023年,100%,47.7,22115.0
陆上行舟――一个中国记者的拉美毒品调查（央视记者刘骁骞用一段,刘骁骞,2020-11-23,人民出版社,45.0,22.5,0.5,440,2023年,100%,31.7,43376.0
欧洲民间故事：聪明的牧羊人 五年级上册课外阅读（中小学生课外阅,伊塔洛,2021-06-01,时代文艺出版社,20.8,9.3,0.45,442,2023年,100%,9.0,35219.0
失明症漫记（诺奖得主萨拉马戈传世之作！一旦对他人的苦难视而不,若泽・萨拉马戈,2022-07-26,河南文艺出版社,66.0,33.0,0.5,446,2023年,100%,30.0,88829.0
罪与罚（“俄罗斯文学天才”陀思妥耶夫斯基成名之作，人能从洁白,陀思妥耶夫斯基,2020-09-01,台海出版社,58.0,12.5,0.22000000000000003,447,2023年,99.9%,10.0,97401.0
我爱这星河滚烫的人间：梁永安、戴建业等全力推荐！去经历，去冒,韦娜,2022-04-01,水利水电出版社,49.8,39.9,0.8,454,2023年,100%,21.9,45399.0
从零开始学写作：18套写作变现法则,杨晓菁,2020-10-06,中国友谊出版公司,45.0,21.6,0.48,457,2023年,100%,9.4,65393.0
安徒生童话 三年级上册 语文教科书配套书目 人教版快乐读书吧,曹文轩,2019-08-01,人民教育出版社,25.0,12.0,0.48,458,2023年,100%,11.3,86407.0
基层女性,王慧玲,2021-07-31,中国友谊出版公司,49.8,24.9,0.5,459,2023年,100%,49.8,78253.0
素书 全2册 漫画智慧奇书 写给孩子的哲学启蒙 中国传统文化为人处,广东人民出版社,2023-09-01,广东人民出版社,70.0,19.6,0.27999999999999997,460,2023年,100%,12.4,52248.0
宝宝脾胃好，病不找（凤凰生活）,李爱科,2021-01-01,江苏凤凰科学技术出版社,36.0,25.8,0.72,461,2023年,100%,27.6,58717.0
【精装硬壳】全2册儿童趣味百科全书漫画版 十万个为什么幼儿版 幼,文彬,2021-01-01,长江出版社,220.0,19.5,0.09,462,2023年,100%,56.4,32114.0
半小时漫画红楼梦（专治没耐心读红楼梦，这回终于算是读完红楼梦,陈磊・半小时漫画团队,2023-06-05,文汇出版社,59.9,29.9,0.5,466,2023年,100%,59.9,24387.0
当下的力量（白金版）埃克哈特?托利经典之作，我们这个时代具有影,埃克哈特・托利,2022-04-19,中信出版社,59.0,29.5,0.5,467,2023年,100%,40.5,54874.0
快乐上等 女性怎样自在地活 《始于极限》《厌女》作者上野千鹤子,上野千鹤子,2023-02-01,北京联合出版有限公司,58.0,29.0,0.5,468,2023年,100%,52.8,26205.0
青：陪安东尼度过漫长岁月5,安东尼,2022-04-01,湖南文艺出版社,48.0,24.0,0.5,470,2023年,100%,22.8,84468.0
刘星辰重案笔记（省厅专家破案笔记。15年刑警生涯，16宗亲历重案,刑警刘星辰,2023-01-31,北京联合出版有限公司,52.0,35.8,0.6900000000000001,471,2023年,100%,36.9,21424.0
新版・长青藤国际大奖小说书系・第3辑：作文里的奇案,伊夫,2019-06-01,云南出版集团公司 晨光出版社,26.0,10.8,0.42000000000000004,472,2023年,100%,3.8,53284.0
叫魂：1768年中国妖术大恐慌（新版本）,孔飞力,2018-10-01,上海三联书店,48.0,26.4,0.55,473,2023年,99.8%,25.6,96413.0
经典常谈（《语文》八年级下推荐阅读，版本特别加入图解与注释，,朱自清,2019-08-01,三秦出版社,35.0,17.5,0.5,474,2023年,100%,32.0,46226.0
朝花夕拾(语文教材“名著导读”经典・七年级上。大语文理念打造：,鲁迅,2020-04-21,时代文艺出版社,26.0,10.1,0.39,475,2023年,100%,2.7,98224.0
蛤蟆先生去看心理医生：漫画版（造福万千家庭的心理学知识读本，,罗伯特・戴博德,2022-09-01,四川文艺出版社,48.0,24.0,0.5,477,2023年,100%,32.8,46307.0
我准备好上幼儿园了.你好幼儿园2-5岁入园早教启蒙行为指导小红花,北京小红花图书工作室,2018-08-01,中信出版社,54.8,27.4,0.5,480,2023年,100%,42.7,61429.0
做最勇敢的自己,妮古拉・金尼尔,2019-06-01,上海译文出版社,58.0,34.8,0.6,481,2023年,100%,37.8,75674.0
宋朝的腔调：苏轼、欧阳修、黄庭坚、辛弃疾、陆游、司马光・・・,石继航,2017-08-01,广东人民出版社,39.8,31.9,0.8,484,2023年,100%,18.5,91929.0
金波四季美文（注音美绘版）套装全4册,金波,2019-05-01,长江少年儿童出版社,100.0,55.0,0.55,485,2023年,100%,30.2,79159.0
鲁滨逊漂流记 六年级下册推荐阅读(中小学生课外阅读指导丛书)彩插,丹尼尔,2020-10-01,商务印书馆,22.8,10.2,0.45,488,2023年,100%,7.6,60328.0
克林索尔的最后夏天（诺贝尔文学奖得主黑塞自传式作品。）【果麦,赫尔曼・黑塞,2018-12-01,天津人民出版社,39.8,19.9,0.5,494,2023年,100%,42.0,84262.0
早起的奇迹,哈尔・埃尔罗德,2018-02-01,广东人民出版社,39.8,31.4,0.79,498,2023年,100%,20.0,93062.0
看见情绪价值：接住Ta的情绪，捧住Ta的心,苏菲雅,2022-09-18,中国妇女出版社,58.0,23.2,0.4,499,2023年,100%,35.0,40403.0
认知驱动：做成一件对他人很有用的事,周岭,2021-08-30,人民邮电出版社,59.8,29.9,0.5,500,2023年,100%,33.0,63204.0
